DATE,CUSIP
1/2/2019,37045XBJ4
1/2/2019,61747YCG8
1/2/2019,483007AH3
1/3/2019,345370BM1
1/3/2019,25468PCW4
1/3/2019,71647NAR0
1/3/2019,63165TYM1
1/3/2019,P14008AC3
1/3/2019,G07402DP5
1/3/2019,P3579EAY3
1/4/2019,48127FAA1
1/4/2019,P1027DEN7
1/4/2019,68441MAX3
1/7/2019,G2585XAA7
1/7/2019,P8542TAP2
1/7/2019,05968AAA4
1/7/2019,00206RGD8
1/7/2019,040114HK9
1/7/2019,P7S16JAU2
1/7/2019,L0427PAA4
1/7/2019,71647NAY5
1/8/2019,36962G3P7
1/8/2019,81180WAR2
1/8/2019,46556MAB8
1/8/2019,71647NAY5
1/8/2019,C67111AJ0
1/9/2019,06406RAG2
1/9/2019,12189LAL5
1/9/2019,172967GT2
1/9/2019,61747YDU6
1/9/2019,U37818AG3
1/9/2019,88167AAD3
1/9/2019,432833AB7
1/9/2019,31572UAE6
1/9/2019,382550BF7
1/9/2019,50077LAD8
1/9/2019,71647NAY5
1/9/2019,G0732RAF5
1/9/2019,71647NAS8
1/9/2019,71647NAF6
1/9/2019,544525SC3
1/10/2019,13645RAJ3
1/10/2019,U2339CBT4
1/10/2019,P1911JAC1
1/10/2019,38141GVX9
1/10/2019,00101JAH9
1/10/2019,P5880UAB6
1/10/2019,C10602AY3
1/10/2019,912909AN8
1/10/2019,46556MAJ1
1/10/2019,71647NAF6
1/10/2019,71654QCC4
1/10/2019,P91528AA0
1/11/2019,G08010BH5
1/11/2019,71647NAY5
1/11/2019,71654QBE1
1/11/2019,P3699PAA5
1/14/2019,71645WAQ4
1/14/2019,71647NAN9
1/14/2019,P7S16JAU2
1/15/2019,94974BFU9
1/15/2019,0258M0EK1
1/15/2019,404280BH1
1/15/2019,94974BFY1
1/15/2019,53944YAB9
1/15/2019,172967JL6
1/15/2019,06051GFH7
1/15/2019,71647NAS8
1/15/2019,P1265VAA0
1/15/2019,71654QBW1
1/15/2019,93974DHC5
1/15/2019,P1910WMG1
1/15/2019,P1911JAC1
1/16/2019,25152RXA6
1/16/2019,626717AH5
1/16/2019,690742AE1
1/16/2019,29273RBG3
1/16/2019,466313AG8
1/16/2019,87264AAS4
1/16/2019,06051GFL8
1/16/2019,P37110AF3
1/16/2019,64990FHW7
1/16/2019,P989MJBL4
1/16/2019,71654QCC4
1/16/2019,71654QBG6
1/16/2019,71647NAN9
1/16/2019,345397WW9
1/17/2019,38141GVX9
1/17/2019,P7807HAB1
1/17/2019,38141EF87
1/18/2019,P989MJAY7
1/18/2019,29082HAA0
1/18/2019,279158AL3
1/18/2019,P37110AF3
1/18/2019,06051GFL8
1/18/2019,026874DD6
1/18/2019,690742AE1
1/18/2019,466313AG8
1/18/2019,71647NAS8
1/18/2019,71647NAZ2
1/22/2019,172967KB6
1/22/2019,912909AM0
1/22/2019,L0427PAA4
1/22/2019,25152RXA6
1/22/2019,71654QCG5
1/22/2019,P989MJBE0
1/22/2019,P19157AR0
1/22/2019,P989MJBG5
1/22/2019,71647NAF6
1/22/2019,71647NAQ2
1/22/2019,00206RDQ2
1/22/2019,29273RBL2
1/22/2019,71654QBV3
1/23/2019,L4191BAB9
1/23/2019,63254AAN8
1/23/2019,89114QBC1
1/23/2019,59333RGV0
1/23/2019,46625HRX0
1/24/2019,98389BAM2
1/24/2019,71647NAM1
1/24/2019,71647NAY5
1/24/2019,25152RXA6
1/24/2019,915183C47
1/24/2019,874476HV9
1/24/2019,P7807HAM7
1/24/2019,31572UAE6
1/24/2019,29082HAA0
1/24/2019,189754AA2
1/24/2019,040114HR4
1/25/2019,P7807HAM7
1/25/2019,71654QCG5
1/25/2019,U2526DAD1
1/25/2019,71647NAY5
1/25/2019,U4866DAB9
1/25/2019,71645WAQ4
1/25/2019,30161MAF0
1/25/2019,92826CAC6
1/28/2019,91911TAP8
1/28/2019,91911TAH6
1/28/2019,P17625AE7
1/28/2019,91911TAM5
1/28/2019,71647NAK5
1/28/2019,P8055KWL5
1/28/2019,71654QBG6
1/28/2019,71654QCC4
1/29/2019,E2R99CFM4
1/29/2019,91911TAH6
1/29/2019,496902AN7
1/29/2019,P7S16JAU2
1/29/2019,91911TAM5
1/29/2019,345370BY5
1/29/2019,37045XBS4
1/29/2019,36962G6S8
1/29/2019,172967JT9
1/30/2019,69783UAA9
1/30/2019,P04559AL7
1/30/2019,P19157AR0
1/30/2019,38141GVR2
1/30/2019,105756BS8
1/30/2019,00206RCT7
1/30/2019,91911TAP8
1/31/2019,G42045AB3
1/31/2019,279158AL3
1/31/2019,780097AZ4
1/31/2019,459745GH2
1/31/2019,G2300TAA0
1/31/2019,P09646AE3
2/1/2019,26875PAD3
2/1/2019,031162BU3
2/1/2019,14912L6R7
2/1/2019,71647NAQ2
2/1/2019,P22854AG1
2/1/2019,279158AK5
2/1/2019,91912EAA3
2/1/2019,81180WAR2
2/1/2019,71645WAS0
2/1/2019,P3772WAF9
2/1/2019,21036PAR9
2/1/2019,585055BR6
2/1/2019,88167AAC5
2/1/2019,00206RCR1
2/1/2019,P3772WAC6
2/1/2019,06051GEC9
2/4/2019,P1265VAA0
2/4/2019,432833AB7
2/4/2019,88167AAD3
2/4/2019,11134LAD1
2/4/2019,71647NAV1
2/4/2019,G07402DP5
2/5/2019,P09646AE3
2/5/2019,124857AG8
2/5/2019,P56226AC0
2/5/2019,P1905CAE0
2/5/2019,U56495AA9
2/5/2019,91911TAP8
2/5/2019,P98047AA4
2/5/2019,84265VAH8
2/5/2019,71654QAZ5
2/5/2019,71654QCG5
2/6/2019,345370CA6
2/6/2019,82671AAA1
2/6/2019,92857WBM1
2/6/2019,38141GVR2
2/6/2019,459745GN9
2/6/2019,37045XBY1
2/6/2019,459745GH2
2/6/2019,00206RCT7
2/6/2019,P9308RAZ6
2/6/2019,054303BA9
2/6/2019,P989MJBN0
2/7/2019,23636BAT6
2/7/2019,82671AAA1
2/7/2019,81180WAR2
2/7/2019,91911TAN3
2/7/2019,693476BJ1
2/7/2019,40428HPR7
2/7/2019,06051GFN4
2/7/2019,78012KCB1
2/7/2019,P1330HBF0
2/7/2019,P989MJBG5
2/7/2019,P989MJAY7
2/8/2019,172967KS9
2/8/2019,P3772WAH5
2/8/2019,A18007AA1
2/11/2019,71647NAS8
2/11/2019,80282KAU0
2/11/2019,71647NAZ2
2/11/2019,61745E4K4
2/12/2019,369604BQ5
2/12/2019,36966R7A8
2/12/2019,37045XBU9
2/12/2019,035242AK2
2/12/2019,50077LAP1
2/12/2019,02209SAT0
2/12/2019,38145GAF7
2/12/2019,G07402DP5
2/12/2019,46556MAB8
2/12/2019,P1910WLX5
2/12/2019,P7S16JAU2
2/13/2019,P37110AG1
2/13/2019,172967KS9
2/13/2019,71647NAF6
2/13/2019,71647NAV1
2/13/2019,D57188FH8
2/13/2019,71647NAS8
2/13/2019,G20011AC9
2/13/2019,09709TBE0
2/13/2019,71647NAM1
2/13/2019,91911TAP8
2/14/2019,459745GN9
2/14/2019,37045XBY1
2/14/2019,620076BB4
2/14/2019,11134LAD1
2/14/2019,693476BF9
2/14/2019,30219GAH1
2/14/2019,00507VAL3
2/14/2019,40414LAL3
2/14/2019,35906AAN8
2/14/2019,629568BB1
2/14/2019,345370CR9
2/14/2019,71647NAZ2
2/14/2019,382550BG5
2/15/2019,71645WAS0
2/15/2019,30219GAH1
2/15/2019,59261ANA1
2/15/2019,26138EAR0
2/15/2019,124857AS2
2/15/2019,71647NAF6
2/15/2019,247361ZK7
2/15/2019,63165TWJ0
2/19/2019,91911TAM5
2/19/2019,P04559AL7
2/19/2019,46625HNX4
2/19/2019,71647NAN9
2/19/2019,279158AK5
2/19/2019,G7808UCZ6
2/19/2019,744320BF8
2/19/2019,L21779AA8
2/19/2019,026874DM6
2/19/2019,46625HHL7
2/19/2019,172967KS9
2/19/2019,P989MJBL4
2/19/2019,172967KJ9
2/19/2019,23636BAT6
2/19/2019,71647NAQ2
2/19/2019,91911TAP8
2/19/2019,P1910WNY1
2/19/2019,71654QCK6
2/19/2019,P4949BAN4
2/19/2019,G47661AA4
2/19/2019,G0732RAG3
2/19/2019,71647NAF6
2/19/2019,U24652AP1
2/19/2019,U37405AA2
2/19/2019,05957PAR7
2/19/2019,05971BAB5
2/20/2019,037833AR1
2/20/2019,P90187AE8
2/20/2019,03512TAB7
2/20/2019,71654QCG5
2/20/2019,68607DPS8
2/20/2019,040114GX2
2/20/2019,L00849AA4
2/20/2019,64110LAN6
2/20/2019,71647NAS8
2/21/2019,P8388TAB0
2/21/2019,P7873PAE6
2/21/2019,253651AC7
2/21/2019,P989MJBL4
2/21/2019,71647NAY5
2/21/2019,71647NAF6
2/21/2019,03938LAX2
2/22/2019,G2585XAA7
2/22/2019,P28610AA4
2/22/2019,03027XAA8
2/22/2019,P989MJBG5
2/22/2019,71645WAS0
2/25/2019,369604BQ5
2/25/2019,71654QCD2
2/25/2019,25152RXA6
2/25/2019,88167AAE1
2/25/2019,370334CB8
2/25/2019,46647PAC0
2/25/2019,382550BE0
2/25/2019,P1910WLX5
2/25/2019,P1910WMG1
2/26/2019,U42804AP6
2/26/2019,71647NAY5
2/26/2019,71656MAF6
2/27/2019,U2339CBT4
2/27/2019,L21779AC4
2/27/2019,156700AM8
2/27/2019,05971KAA7
2/27/2019,P30179AM0
2/27/2019,253651AC7
2/27/2019,40414LAL3
2/27/2019,N8370TAA4
2/27/2019,P989MJBE0
2/27/2019,71647NAN9
2/27/2019,P989MJBN0
2/27/2019,64110DAE4
2/28/2019,P0R66CAA6
2/28/2019,P1047VAF4
2/28/2019,N9353VAC4
2/28/2019,46556MAJ1
2/28/2019,P0607LAB9
2/28/2019,69783UAA9
2/28/2019,P989MJBN0
2/28/2019,P5880UAB6
3/1/2019,71647NAM1
3/1/2019,91911TAP8
3/1/2019,58013MEQ3
3/1/2019,P98088AA8
3/1/2019,91911TAM5
3/1/2019,P16259AB2
3/1/2019,345525AE9
3/1/2019,105756BK5
3/1/2019,P4949BAN4
3/1/2019,68375NAD5
3/1/2019,P989MJBN0
3/4/2019,71647NAM1
3/4/2019,68375NAD5
3/4/2019,25152RXA6
3/4/2019,71654QBG6
3/4/2019,345370CR9
3/5/2019,P8585LAC6
3/5/2019,P3579EBK2
3/5/2019,761713BT2
3/5/2019,P14996AG0
3/5/2019,P12445AA3
3/5/2019,L4441RAA4
3/5/2019,P9423FBL2
3/5/2019,G5825AAA0
3/5/2019,L5800PAB8
3/5/2019,09709TBE0
3/5/2019,G2119WAE6
3/5/2019,P0605NAA9
3/6/2019,02154VAA9
3/6/2019,G2119WAE6
3/6/2019,345397XF5
3/6/2019,247361ZK7
3/6/2019,P04559AL7
3/6/2019,P1910WLX5
3/6/2019,P989MJBN0
3/6/2019,71647NAY5
3/6/2019,172967GT2
3/6/2019,88167AAD3
3/7/2019,P3772WAF9
3/7/2019,G2585XAA7
3/7/2019,74432QBG9
3/7/2019,717081EV1
3/7/2019,958102AM7
3/7/2019,L21779AC4
3/7/2019,457153AF1
3/7/2019,91911TAH6
3/7/2019,457153AG9
3/7/2019,71647NAY5
3/7/2019,345370CR9
3/7/2019,36962GT95
3/8/2019,040114GX2
3/8/2019,00206RCT7
3/8/2019,00185AAK0
3/8/2019,002824BF6
3/8/2019,00928QAR2
3/8/2019,037833CH1
3/8/2019,084659AF8
3/8/2019,12503MAA6
3/8/2019,126650CF5
3/8/2019,22160KAM7
3/8/2019,25746UCK3
3/8/2019,26884UAC3
3/8/2019,31428XBM7
3/8/2019,03040WAQ8
3/8/2019,45866FAD6
3/8/2019,539830BH1
3/8/2019,55336VAS9
3/8/2019,571748AR3
3/8/2019,78409VAD6
3/8/2019,67066GAE4
3/8/2019,742651DV1
3/8/2019,67103HAE7
3/8/2019,693475AP0
3/8/2019,808513AM7
3/8/2019,741503AW6
3/8/2019,816851BA6
3/8/2019,913017CQ0
3/8/2019,844741BC1
3/8/2019,880591ER9
3/8/2019,89641UAC5
3/8/2019,91324PDN9
3/11/2019,U24724AK9
3/11/2019,G53770AB2
3/11/2019,36962GT95
3/11/2019,C4535AAB6
3/11/2019,451102BF3
3/11/2019,G0788KAA4
3/11/2019,P09646AE3
3/11/2019,71647NAF6
3/11/2019,496902AN7
3/11/2019,J7596PAK5
3/11/2019,G07402DN0
3/11/2019,F1R15XK69
3/11/2019,47233JAG3
3/11/2019,040114GX2
3/11/2019,71647NAM1
3/11/2019,G30376AB6
3/11/2019,279158AL3
3/11/2019,71654QCF7
3/12/2019,P7S16JAU2
3/12/2019,629568BB1
3/12/2019,P14486AM9
3/12/2019,530715AJ0
3/12/2019,364760AK4
3/12/2019,P14623AB1
3/12/2019,680665AJ5
3/12/2019,87264AAV7
3/13/2019,71656MAF6
3/13/2019,88167AAE1
3/13/2019,345370CR9
3/13/2019,36962GT95
3/13/2019,46556MAF9
3/13/2019,91911TAP8
3/13/2019,172967KB6
3/13/2019,50076QAU0
3/13/2019,80282KAD8
3/13/2019,52736RBG6
3/14/2019,71647NAY5
3/14/2019,71645WAQ4
3/14/2019,97381WAN4
3/14/2019,71656MAF6
3/14/2019,P3772WAH5
3/14/2019,P8S090HT6
3/14/2019,64971QCH4
3/15/2019,G0732RAF5
3/15/2019,G42045AB3
3/15/2019,91911TAP8
3/15/2019,06051GDZ9
3/15/2019,05968LAH5
3/15/2019,635405AM5
3/15/2019,68389XAG0
3/15/2019,30219GAH1
3/15/2019,G47661AA4
3/15/2019,05252FAD2
3/15/2019,58013MEX8
3/15/2019,58013MFF6
3/15/2019,71647NAF6
3/15/2019,71647NAM1
3/15/2019,191216BE9
3/15/2019,345370BY5
3/15/2019,009158AT3
3/15/2019,002824BA7
3/15/2019,931422AH2
3/15/2019,532457BQ0
3/15/2019,P0101KAA4
3/15/2019,742718EB1
3/15/2019,58013MEM2
3/15/2019,58013MEL4
3/15/2019,71647NAY5
3/15/2019,61745EX55
3/18/2019,F2893TAF3
3/18/2019,71654QBB7
3/18/2019,25152R5D1
3/18/2019,P32457AA4
3/18/2019,F1R15XK51
3/18/2019,71656MAF6
3/18/2019,040114HK9
3/18/2019,P19157AR0
3/19/2019,89153VAM1
3/19/2019,01609WAC6
3/19/2019,02209SAT0
3/19/2019,03523TBH0
3/19/2019,02209SAJ2
3/19/2019,06739FFS5
3/19/2019,134429BB4
3/19/2019,21036PAU2
3/19/2019,247361ZK7
3/19/2019,30161MAF0
3/19/2019,292505AH7
3/19/2019,345397XF5
3/19/2019,37045XBP0
3/19/2019,87927VAM0
3/19/2019,38141GVW1
3/19/2019,913017BR9
3/19/2019,345397WY5
3/19/2019,844741BA5
3/19/2019,80282KAD8
3/19/2019,89236TBP9
3/19/2019,984121CA9
3/19/2019,472319AF9
3/19/2019,50076QAU0
3/19/2019,71654QAU6
3/19/2019,61760QDH4
3/19/2019,761713BT2
3/19/2019,685218AC3
3/19/2019,65339KAL4
3/19/2019,P79171AE7
3/19/2019,65334HAK8
3/20/2019,708399AB6
3/20/2019,U65478AY2
3/20/2019,P989MJBG5
3/20/2019,P56226AC0
3/20/2019,29082AAA5
3/20/2019,03512TAA9
3/20/2019,88167AAC5
3/20/2019,88732JAW8
3/20/2019,37045XBM7
3/20/2019,63938CAB4
3/20/2019,61761JB32
3/20/2019,94974BGM6
3/20/2019,71647NAR0
3/20/2019,105756BE9
3/20/2019,P0605NAA9
3/20/2019,25152RXA6
3/20/2019,345370CR9
3/20/2019,P3579ECB1
3/21/2019,71654QCC4
3/21/2019,71647NAM1
3/21/2019,71647NAY5
3/21/2019,05968LAB8
3/21/2019,71647NAK5
3/22/2019,61747YCG8
3/22/2019,81180WAR2
3/22/2019,71647NAY5
3/22/2019,71647NAF6
3/22/2019,38141GWC4
3/22/2019,172967LQ2
3/22/2019,91911TAP8
3/25/2019,U3829QAA0
3/25/2019,105756BB5
3/25/2019,U96217AA9
3/25/2019,120568AZ3
3/25/2019,251525AP6
3/25/2019,984121CJ0
3/25/2019,586805AH6
3/25/2019,172967JL6
3/26/2019,71883RLT8
3/26/2019,620076BB4
3/26/2019,466313AH6
3/26/2019,675232AA0
3/26/2019,P3772WAF9
3/27/2019,767754AJ3
3/27/2019,U0901CAG5
3/27/2019,35906AAW8
3/27/2019,97381WAN4
3/27/2019,C10602AY3
3/27/2019,577778CE1
3/27/2019,N55218AG1
3/27/2019,P3579EBV8
3/27/2019,71647NBD0
3/27/2019,780097AU5
3/27/2019,110122BB3
3/28/2019,88579YAG6
3/28/2019,635405AM5
3/28/2019,P3772WAF9
3/28/2019,172967KK6
3/28/2019,G2585XAA7
3/28/2019,P28768AB8
3/28/2019,156700AM8
3/28/2019,94974BGA2
3/28/2019,94974BEV8
3/28/2019,931142DQ3
3/28/2019,92343VBT0
3/28/2019,89114QAS7
3/28/2019,85771PAX0
3/28/2019,857477AG8
3/28/2019,G07402DN0
3/28/2019,80282KAE6
3/28/2019,61761JVL0
3/28/2019,61747WAL3
3/28/2019,59156RBH0
3/28/2019,494550BL9
3/28/2019,38141EA66
3/28/2019,037833AL4
3/28/2019,46556MAJ1
3/28/2019,00206RCG5
3/28/2019,023135AZ9
3/28/2019,713448BY3
3/28/2019,12803X2B6
3/28/2019,P989MJBE0
3/28/2019,38141GGM0
3/28/2019,46625HHZ6
3/28/2019,89153VAE9
3/29/2019,91911TAP8
3/29/2019,040114HF0
3/29/2019,P3063DAA0
3/29/2019,05565QCS5
3/29/2019,172967HT1
3/29/2019,38141GVM3
4/1/2019,25152R5D1
4/1/2019,459200JE2
4/1/2019,064159HT6
4/1/2019,06367THQ6
4/1/2019,U30388AB5
4/1/2019,691582FP0
4/1/2019,92857WBQ2
4/1/2019,002824BA7
4/1/2019,00817YAV0
4/1/2019,06051GFL8
4/1/2019,P31442AC3
4/1/2019,023135AW6
4/1/2019,03523TBP2
4/1/2019,05723KAD2
4/1/2019,00287YAX7
4/1/2019,71654QBG6
4/1/2019,89236TDK8
4/1/2019,025816BM0
4/2/2019,984121CD3
4/2/2019,P3311RBA8
4/2/2019,172967KB6
4/2/2019,P5880CAB6
4/2/2019,761713BS4
4/2/2019,71647NAY5
4/3/2019,253651AC7
4/3/2019,L21779AA8
4/3/2019,P3772WAB8
4/3/2019,576544S92
4/3/2019,U37818AU2
4/3/2019,931142DV2
4/4/2019,172967KA8
4/4/2019,345370BY5
4/4/2019,P1R027AA2
4/4/2019,L4441RAA4
4/5/2019,586805AH6
4/5/2019,64971XGQ5
4/5/2019,P16259AL0
4/5/2019,06740L8C2
4/5/2019,780099CH8
4/5/2019,05581LAB5
4/5/2019,P90187AE8
4/5/2019,279158AK5
4/5/2019,G3925DAA8
4/8/2019,G07402DP5
4/8/2019,F2893TAF3
4/8/2019,35671DBJ3
4/8/2019,06738EAG0
4/8/2019,94974BGM6
4/8/2019,61747YDW2
4/8/2019,06051GFT1
4/8/2019,38145GAJ9
4/8/2019,80282KAD8
4/9/2019,172967KB6
4/9/2019,P32086AL7
4/9/2019,708130AC3
4/9/2019,71647NAM1
4/9/2019,C6900PAD1
4/9/2019,P1905CAE0
4/9/2019,68375NAD5
4/9/2019,78442FEJ3
4/9/2019,G20011AC9
4/9/2019,31572UAE6
4/10/2019,064159HT6
4/10/2019,576544S92
4/10/2019,74526QUZ3
4/10/2019,74526QWP3
4/10/2019,74526QXU1
4/10/2019,963320AW6
4/10/2019,71654QBB7
4/10/2019,172967KB6
4/10/2019,38141GVX9
4/10/2019,451102BF3
4/10/2019,88165FAG7
4/10/2019,73358WZT4
4/10/2019,767754CH5
4/11/2019,05946KAD3
4/11/2019,89236TDH5
4/11/2019,61768CLZ8
4/11/2019,P3063DAA0
4/11/2019,P989MJBG5
4/11/2019,013817AW1
4/11/2019,P989MJBN0
4/11/2019,345370CR9
4/11/2019,P2253TJE0
4/11/2019,G08010BH5
4/11/2019,G20011AC9
4/12/2019,G0457FAD9
4/12/2019,P5015VAD8
4/12/2019,U07265AH1
4/12/2019,71645WAS0
4/12/2019,U76659AW8
4/12/2019,P989MJBE0
4/15/2019,136385AW1
4/15/2019,68389XBR5
4/15/2019,747525AR4
4/15/2019,P8S090HT6
4/15/2019,P989MJBE0
4/15/2019,P7873PAE6
4/15/2019,451913AH0
4/15/2019,61744YAH1
4/15/2019,6174467Y9
4/15/2019,002824BE9
4/15/2019,71647NAY5
4/16/2019,61744YAH1
4/16/2019,151191AW3
4/16/2019,71654QBB7
4/16/2019,71647NAF6
4/16/2019,279158AC3
4/16/2019,00206RCN0
4/16/2019,6174467Y9
4/16/2019,31572UAG1
4/16/2019,71654QBH4
4/16/2019,71647NAV1
4/16/2019,279158AL3
4/16/2019,47233JBH0
4/16/2019,G20011AC9
4/16/2019,74913GAX3
4/16/2019,G42045AB3
4/16/2019,46556MAE2
4/16/2019,88033GCE8
4/16/2019,P3697UAD0
4/16/2019,12505JAD5
4/16/2019,81721MAM1
4/16/2019,88167AAE1
4/16/2019,46556MAA0
4/16/2019,852061AS9
4/18/2019,P1910WMG1
4/18/2019,80282KAT3
4/18/2019,904311AA5
4/22/2019,P989MJBE0
4/22/2019,P1330HBF0
4/22/2019,71647NAM1
4/22/2019,71647NAY5
4/22/2019,78490FJJ9
4/22/2019,35671DBJ3
4/22/2019,257867AG6
4/22/2019,89346DAE7
4/22/2019,47233JAG3
4/22/2019,963320AW6
4/23/2019,530715AJ0
4/23/2019,98372PAJ7
4/23/2019,P3063DAA0
4/23/2019,P04559AL7
4/23/2019,G20011AC9
4/23/2019,P0101KAA4
4/23/2019,71647NAY5
4/23/2019,06051GEU9
4/23/2019,37045VAE0
4/24/2019,345370BW9
4/24/2019,P989MJBL4
4/24/2019,472319AF9
4/24/2019,026874CZ8
4/24/2019,780099CH8
4/24/2019,P28768AA0
4/24/2019,P31925AD5
4/24/2019,71647NAZ2
4/24/2019,S25221AC6
4/24/2019,G1315RAC5
4/24/2019,L4191BBF9
4/24/2019,P14623AB1
4/24/2019,P32086AL7
4/24/2019,N4297BBC7
4/24/2019,71647NAV1
4/24/2019,G07402DP5
4/24/2019,913017CM9
4/24/2019,075887BR9
4/24/2019,00287YAT6
4/24/2019,06051GGB9
4/24/2019,F2893TAN6
4/24/2019,428236BF9
4/24/2019,46556MAJ1
4/24/2019,105756BV1
4/24/2019,907818DZ8
4/24/2019,913017CQ0
4/24/2019,50076QAU0
4/24/2019,651639AL0
4/24/2019,92826CAD4
4/24/2019,345397YE7
4/25/2019,774341AG6
4/25/2019,P6480JAG2
4/25/2019,192108BB3
4/25/2019,G0457FAD9
4/25/2019,P1330HBF0
4/25/2019,U42804AP6
4/25/2019,P1265VAA0
4/25/2019,G20011AC9
4/25/2019,172967JC6
4/25/2019,345370CR9
4/25/2019,P1265VAD4
4/25/2019,404280AU3
4/25/2019,05968LAH5
4/25/2019,71654QCG5
4/26/2019,25152RXA6
4/26/2019,168863BN7
4/26/2019,345370BW9
4/26/2019,36966TKK7
4/26/2019,345370CR9
4/26/2019,25152R2Y8
4/26/2019,75281AAS8
4/26/2019,904311AA5
4/29/2019,74348TAT9
4/29/2019,50076QAE6
4/29/2019,37045VAQ3
4/29/2019,651229AY2
4/29/2019,P989MJBN0
4/29/2019,71647NAM1
4/29/2019,36966TCU4
4/29/2019,71654QCG5
4/30/2019,532716AU1
4/30/2019,928563AB1
4/30/2019,058498AR7
4/30/2019,910047AH2
4/30/2019,88033GCE8
4/30/2019,37045VAQ3
4/30/2019,50076QAE6
4/30/2019,74348TAT9
4/30/2019,61761JQK8
4/30/2019,168863AV0
4/30/2019,71647NAV1
4/30/2019,31572UAG1
4/30/2019,71647NAF6
5/1/2019,25468PDL7
5/1/2019,64966L2M2
5/1/2019,21685WDF1
5/2/2019,87243QAB2
5/2/2019,P989MJAY7
5/2/2019,724479AN0
5/2/2019,628530BC0
5/2/2019,581557AZ8
5/2/2019,50077LAJ5
5/2/2019,50076QAZ9
5/3/2019,723664AB4
5/3/2019,G0788KAA4
5/3/2019,G47665AA5
5/3/2019,G2585XAA7
5/3/2019,C10602AW7
5/6/2019,C10602AW7
5/6/2019,957297EM2
5/6/2019,L6401PAH6
5/6/2019,P2867KAE6
5/6/2019,P07785AE1
5/7/2019,71647NAF6
5/7/2019,71647NAY5
5/7/2019,71647NAM1
5/7/2019,256882AD3
5/8/2019,928563AC9
5/8/2019,6174467Y9
5/8/2019,71647NAQ2
5/8/2019,172967KK6
5/9/2019,G0457FAC1
5/9/2019,06051GHE2
5/9/2019,05968AAD8
5/9/2019,912909AM0
5/9/2019,P989MJBN0
5/9/2019,37247DAN6
5/9/2019,P32133CG6
5/9/2019,P8S090MU7
5/9/2019,920253AE1
5/10/2019,594918BN3
5/10/2019,279158AC3
5/10/2019,920253AE1
5/10/2019,05967FAB2
5/10/2019,71654QCG5
5/10/2019,02005NAZ3
5/10/2019,71647NAM1
5/10/2019,71645WAS0
5/10/2019,69783UAA9
5/10/2019,58013MEQ3
5/13/2019,594918BN3
5/13/2019,02005NAZ3
5/13/2019,94973VBH9
5/13/2019,P989MJBE0
5/13/2019,P04559AL7
5/13/2019,92553PAX0
5/13/2019,58933YAR6
5/13/2019,02079KAC1
5/14/2019,84265VAD7
5/14/2019,G47661AA4
5/14/2019,02005NAZ3
5/14/2019,172967HU8
5/14/2019,45845PAB4
5/14/2019,912909AM0
5/14/2019,G4109CAA6
5/14/2019,G20011AC9
5/14/2019,451102BF3
5/15/2019,94973VBH9
5/15/2019,80283LAH6
5/15/2019,084664CK5
5/15/2019,02665WAH4
5/15/2019,U07265AH1
5/15/2019,59156RBP2
5/15/2019,P57908AD0
5/15/2019,71654QCD2
5/16/2019,P8055KWL5
5/16/2019,71647NAZ2
5/16/2019,254687CY0
5/16/2019,05329WAP7
5/16/2019,096630AG3
5/16/2019,67059TAE5
5/16/2019,15135BAJ0
5/16/2019,878237AH9
5/16/2019,02209SBD4
5/16/2019,71656MAF6
5/16/2019,U1109MAB2
5/16/2019,444859BF8
5/16/2019,P09646AE3
5/16/2019,P1265VAA0
5/16/2019,P28768AA0
5/16/2019,279158AK5
5/16/2019,80282KAU0
5/16/2019,P90187AE8
5/16/2019,71647NAV1
5/16/2019,L9412AAA5
5/16/2019,P1905CAE0
5/17/2019,74432QCB9
5/17/2019,P98088AA8
5/17/2019,G53770AB2
5/17/2019,46556MAF9
5/17/2019,G25343AA5
5/17/2019,0258M0EE5
5/17/2019,17325FAJ7
5/17/2019,46623EKG3
5/17/2019,83368TAA6
5/17/2019,P3063DAA0
5/20/2019,P989MJBN0
5/20/2019,893647AW7
5/20/2019,59151KAH1
5/20/2019,C10602AW7
5/20/2019,L21779AC4
5/20/2019,912909AM0
5/20/2019,001546AT7
5/20/2019,007903BC0
5/20/2019,054303BA9
5/20/2019,U2526DAH2
5/20/2019,607059AT9
5/20/2019,345370CA6
5/21/2019,P04559AL7
5/21/2019,P19157AR0
5/21/2019,022249AU0
5/21/2019,C10602BG1
5/21/2019,984121CB7
5/21/2019,88167AAL5
5/21/2019,74432QCB9
5/21/2019,P3772WAF9
5/21/2019,U42804AQ4
5/21/2019,654902AC9
5/21/2019,91911TAE3
5/21/2019,P989MJBN0
5/21/2019,723664AB4
5/21/2019,P79849AC2
5/21/2019,343412AF9
5/21/2019,88165FAG7
5/21/2019,201723AL7
5/21/2019,P989MJBE0
5/21/2019,626717AH5
5/22/2019,88167AAE1
5/22/2019,P989MJBN0
5/22/2019,71647NAK5
5/22/2019,649717TU9
5/22/2019,054303BA9
5/23/2019,L7909CAA5
5/23/2019,P989MJBN0
5/23/2019,279158AK5
5/23/2019,201723AL7
5/23/2019,C86155AA3
5/23/2019,69783UAA9
5/23/2019,61166WAQ4
5/23/2019,U07265AE8
5/23/2019,U24724AK9
5/23/2019,G0732RAF5
5/23/2019,71647NAQ2
5/23/2019,71647NBD0
5/23/2019,P09646AE3
5/23/2019,02005NAZ3
5/23/2019,92826CAB8
5/23/2019,0258M0EB1
5/23/2019,38145GAG5
5/23/2019,20030NBV2
5/23/2019,92857WAZ3
5/24/2019,65557DAM3
5/24/2019,71647NBD0
5/24/2019,P0101KAA4
5/24/2019,046353AF5
5/24/2019,054303AZ5
5/24/2019,P5R6DPAA8
5/24/2019,92343EAF9
5/28/2019,G0457FAD9
5/28/2019,L0427PAA4
5/28/2019,P8S090HT6
5/28/2019,71647NAM1
5/28/2019,71654QAZ5
5/28/2019,U24724AK9
5/28/2019,6174467Y9
5/28/2019,71647NAY5
5/28/2019,71645WAR2
5/28/2019,71654QAX0
5/28/2019,87938WAM5
5/28/2019,P989MJAY7
5/28/2019,G0788KAA4
5/28/2019,80282KAP1
5/28/2019,201723AL7
5/28/2019,626717AJ1
5/28/2019,345370CR9
5/28/2019,680665AJ5
5/29/2019,89114QBJ6
5/29/2019,P989MJBE0
5/29/2019,P3579EBV8
5/29/2019,P0605NAA9
5/29/2019,92857WBQ2
5/29/2019,02209SBD4
5/29/2019,P0101KAA4
5/29/2019,P8S090HT6
5/30/2019,L0427PAA4
5/30/2019,05967FAB2
5/30/2019,P5R6DPAA8
5/30/2019,P04559AL7
5/30/2019,P90187AE8
5/30/2019,P1330HBF0
5/30/2019,G47661AA4
5/30/2019,P5880CAB6
5/30/2019,P5880UAB6
5/30/2019,909218AB5
5/30/2019,55933JAB0
5/30/2019,U92279AL9
5/30/2019,34984VAB6
5/30/2019,78412FAP9
5/30/2019,573334AD1
5/30/2019,P1905CAD2
5/30/2019,462044AH1
5/30/2019,21685WDF1
5/30/2019,30283WAB0
5/30/2019,G2526SAB8
5/30/2019,013817AW1
5/30/2019,126650CV0
5/30/2019,06048WGU8
5/30/2019,38147QAK2
5/30/2019,38147QEX0
5/30/2019,86614WAC0
5/30/2019,00213MAK0
5/30/2019,63873HLX0
5/30/2019,78010UVT1
5/30/2019,459058DP5
5/30/2019,48126D6M6
5/30/2019,552953CD1
5/30/2019,966387AP7
5/30/2019,208242AB3
5/30/2019,516806AD8
5/31/2019,040114GX2
5/31/2019,948565AC0
5/31/2019,74733VAC4
5/31/2019,55448QAS5
5/31/2019,37954FAD6
5/31/2019,12543DAY6
5/31/2019,928377AB6
5/31/2019,69318FAE8
5/31/2019,88830MAK8
5/31/2019,64971W7Q7
5/31/2019,G47661AA4
5/31/2019,78454LAH3
5/31/2019,864486AH8
5/31/2019,82671AAA1
5/31/2019,00404AAM1
5/31/2019,402635AH9
5/31/2019,013093AB5
5/31/2019,25470XAJ4
5/31/2019,457153AG9
5/31/2019,192108BB3
5/31/2019,G2585XAA7
5/31/2019,00287YAX7
5/31/2019,002824BB5
5/31/2019,026874DH7
5/31/2019,025816BK4
5/31/2019,035242AP1
5/31/2019,06051GGB9
5/31/2019,191216BS8
5/31/2019,00206RCN0
5/31/2019,587118AE0
5/31/2019,36162JAA4
5/31/2019,561234AE5
6/3/2019,345397YD9
6/3/2019,13607RAB6
6/3/2019,046353AF5
6/3/2019,74432QCB9
6/3/2019,37045XBK1
6/3/2019,620076BC2
6/3/2019,55616XAH0
6/3/2019,80282KAS5
6/3/2019,25152R5F6
6/3/2019,74978DAA2
6/3/2019,064159EC6
6/3/2019,F2893TAL0
6/3/2019,05967FAB2
6/3/2019,013817AW1
6/3/2019,279158AK5
6/3/2019,U1109MAE6
6/3/2019,947075AK3
6/3/2019,71654QBV3
6/4/2019,064159EC6
6/4/2019,040114HR4
6/4/2019,86800XAA6
6/4/2019,88167AAL5
6/4/2019,88166HAD9
6/5/2019,064159EC6
6/5/2019,35906AAW8
6/5/2019,C10602BA4
6/5/2019,71654QBE1
6/5/2019,345370CQ1
6/5/2019,P32133CG6
6/5/2019,69783UAA9
6/5/2019,P09646AE3
6/5/2019,05958AAJ7
6/5/2019,984121CL5
6/5/2019,35906AAK4
6/5/2019,05967FAB2
6/6/2019,03523TBX5
6/6/2019,00287YAQ2
6/6/2019,046353AL2
6/6/2019,36962G7K4
6/6/2019,41423PAE7
6/6/2019,U9841NAM2
6/6/2019,064159EC6
6/6/2019,G4109CAA6
6/6/2019,44106MAT9
6/6/2019,P0092MAE3
6/7/2019,44106MAT9
6/10/2019,25746UCH0
6/10/2019,29082AAA5
6/10/2019,61747YCJ2
6/10/2019,71654QBE1
6/10/2019,50077LAB2
6/10/2019,P3143NAP9
6/10/2019,50077LAS5
6/10/2019,80282KAW6
6/10/2019,88166JAA1
6/10/2019,71647NAF6
6/10/2019,71645WAQ4
6/10/2019,P8055QDP4
6/10/2019,71654QCG5
6/10/2019,71647NAY5
6/10/2019,71647NBD0
6/10/2019,105756BW9
6/11/2019,71647NAZ2
6/11/2019,P3772WAJ1
6/11/2019,G07402DP5
6/11/2019,71647NAM1
6/11/2019,P3063DAA0
6/11/2019,F8586CBQ4
6/11/2019,345397VM2
6/12/2019,71647NBD0
6/12/2019,91514AGB5
6/12/2019,25152RXA6
6/12/2019,71654QCG5
6/12/2019,60412AMQ3
6/12/2019,650014TN3
6/12/2019,60412AML4
6/12/2019,938782DP1
6/12/2019,040114HF0
6/12/2019,126650DC1
6/12/2019,86723CAF5
6/12/2019,035242AJ5
6/12/2019,71647NAY5
6/12/2019,71647NAA7
6/12/2019,71647NAZ2
6/12/2019,20259DAA5
6/12/2019,53947QAA5
6/12/2019,37185LAH5
6/13/2019,35671DAZ8
6/13/2019,432833AB7
6/13/2019,P3367DAA3
6/13/2019,040114GW4
6/13/2019,172967HV6
6/14/2019,U42314AA9
6/14/2019,U1109MAE6
6/14/2019,61747YCJ2
6/14/2019,64110DAH7
6/14/2019,626717AH5
6/14/2019,11134LAD1
6/17/2019,48127HAA7
6/17/2019,438516BJ4
6/17/2019,A29875AA8
6/17/2019,496902AN7
6/17/2019,444859BF8
6/17/2019,370334CG7
6/17/2019,172967JM4
6/17/2019,71647NAZ2
6/18/2019,G40365AA9
6/18/2019,P989MJBE0
6/18/2019,F22797FK9
6/18/2019,35906AAZ1
6/18/2019,912909AM0
6/18/2019,92343VDY7
6/18/2019,71647NAM1
6/18/2019,71647NAZ2
6/18/2019,958102AM7
6/18/2019,651229AW6
6/18/2019,03674XAC0
6/18/2019,P989MJBN0
6/18/2019,U1109MAE6
6/18/2019,724479AJ9
6/19/2019,P1R23DAA4
6/19/2019,524901AR6
6/19/2019,U8810LAA1
6/19/2019,35906AAW8
6/20/2019,040114HP8
6/20/2019,G2585XAA7
6/20/2019,88167AAE1
6/20/2019,46625HQJ2
6/21/2019,80283LAH6
6/21/2019,H4209UAH9
6/21/2019,172967KB6
6/21/2019,912909AM0
6/21/2019,88167AAF8
6/21/2019,P989MJBN0
6/21/2019,46625HJQ4
6/21/2019,71647NAY5
6/21/2019,C6900PAD1
6/21/2019,50077LAK2
6/21/2019,P7873PAE6
6/21/2019,89236TEJ0
6/24/2019,C67111AJ0
6/24/2019,80283LAH6
6/24/2019,81180WAH4
6/24/2019,47233JAG3
6/24/2019,50077LAQ9
6/24/2019,G07402DP5
6/24/2019,P3772WAF9
6/24/2019,912909AM0
6/24/2019,46625HJQ4
6/24/2019,P1400AAA2
6/24/2019,P989MJBN0
6/24/2019,06738EAL9
6/24/2019,30219GAL2
6/24/2019,G0732RAG3
6/24/2019,C86068AA8
6/24/2019,444859BF8
6/24/2019,026874DD6
6/24/2019,404119BQ1
6/24/2019,745867AW1
6/24/2019,88167AAD3
6/24/2019,P19111BF2
6/25/2019,03512TAB7
6/25/2019,29273RBL2
6/25/2019,P90187AE8
6/25/2019,00206RHS4
6/25/2019,35906AAQ1
6/25/2019,35906AAZ1
6/25/2019,35906AAK4
6/25/2019,747525AF0
6/25/2019,26078JAC4
6/26/2019,95000N2D0
6/26/2019,292480AL4
6/26/2019,680665AJ5
6/26/2019,620076BN8
6/26/2019,U8357XAA4
6/26/2019,71647NAQ2
6/26/2019,35906AAK4
6/26/2019,35906AAH1
6/26/2019,P7S16JAU2
6/26/2019,U44927AS7
6/26/2019,L6401PAF0
6/26/2019,U6500TAC9
6/26/2019,71654QBB7
6/27/2019,35906AAW8
6/27/2019,U44927AS7
6/27/2019,71647NAQ2
6/27/2019,67059TAF2
6/27/2019,U8357XAA4
6/27/2019,F1058YHX9
6/27/2019,G07402DP5
6/27/2019,064159GW0
6/27/2019,78012KJA6
6/27/2019,20271RAM2
6/27/2019,F2893TAN6
6/27/2019,06051GGB9
6/27/2019,855244AK5
6/27/2019,91159HHN3
6/27/2019,18683KAC5
6/27/2019,18683KAM3
6/28/2019,80105NAG0
6/28/2019,71654QCG5
6/28/2019,17275RAN2
6/28/2019,451102BR7
6/28/2019,47233JAG3
6/28/2019,U1109MAB2
6/28/2019,G2585XAA7
7/1/2019,61747YCJ2
7/1/2019,370334BV5
7/1/2019,893647AX5
7/1/2019,U42804AP6
7/1/2019,03027XAK6
7/1/2019,G2585XAA7
7/1/2019,L4441RAA4
7/1/2019,P1400AAA2
7/1/2019,89602NE91
7/1/2019,P989MJAY7
7/1/2019,88167AAD3
7/1/2019,G83113AC7
7/1/2019,71647NAA7
7/1/2019,74348TAJ1
7/2/2019,U8357XAA4
7/2/2019,89114QBC1
7/2/2019,63254AAN8
7/2/2019,118230AK7
7/2/2019,05253JAL5
7/2/2019,06367WMQ3
7/2/2019,78013XW20
7/2/2019,P1905CAE0
7/2/2019,054303BA9
7/2/2019,L56590AA7
7/2/2019,L79090AA1
7/2/2019,35906AAZ1
7/2/2019,G07402DP5
7/2/2019,91911TAP8
7/2/2019,71647NAV1
7/2/2019,P989MJBE0
7/2/2019,71654QCC4
7/3/2019,P989MJBG5
7/5/2019,040114GX2
7/5/2019,P12651AB4
7/8/2019,370334BV5
7/8/2019,054303BA9
7/8/2019,00101JAK2
7/8/2019,607059AT9
7/8/2019,L21779AC4
7/8/2019,J7596PBA6
7/8/2019,013093AB5
7/8/2019,46556MAA0
7/8/2019,761713AT3
7/8/2019,71645WAQ4
7/8/2019,91911TAE3
7/9/2019,845467AL3
7/9/2019,G0457FAD9
7/9/2019,988498AD3
7/9/2019,4042Q1AE7
7/9/2019,U2526DAC3
7/9/2019,U1109MAB2
7/9/2019,912909AN8
7/9/2019,247025AE9
7/9/2019,L56608AA7
7/9/2019,71647NAY5
7/9/2019,71645WAS0
7/9/2019,91912EAA3
7/9/2019,165167CL9
7/9/2019,P3699PGB7
7/9/2019,50076QAE6
7/9/2019,P04559AL7
7/9/2019,60871RAF7
7/9/2019,620076BB4
7/10/2019,71647NAF6
7/10/2019,78442FEQ7
7/10/2019,05971WAA1
7/10/2019,71647NAN9
7/10/2019,71654QCC4
7/10/2019,71647NAK5
7/10/2019,279158AL3
7/10/2019,02209SBD4
7/10/2019,912909AM0
7/10/2019,565849AN6
7/10/2019,013817AU5
7/10/2019,37045XCU8
7/11/2019,71647NAA7
7/11/2019,71645WAS0
7/11/2019,71654QCC4
7/11/2019,P989MJBH3
7/11/2019,71647NAZ2
7/11/2019,P3579ECE5
7/11/2019,71647NAY5
7/11/2019,71647NAM1
7/11/2019,G07402DP5
7/11/2019,P989MJBL4
7/11/2019,P7464EAA4
7/11/2019,05526DBD6
7/11/2019,71654QAZ5
7/12/2019,05968AAA4
7/12/2019,191216CE8
7/12/2019,03512TAC5
7/12/2019,69783UAA9
7/12/2019,75606DAC5
7/12/2019,018772AS2
7/12/2019,87264AAR6
7/12/2019,71647NAK5
7/15/2019,55261FAG9
7/15/2019,71647NAY5
7/15/2019,040114HN3
7/15/2019,P0605NAA9
7/15/2019,92553PAR3
7/15/2019,278642AN3
7/15/2019,37045XAW6
7/15/2019,21036PAR9
7/15/2019,05526DAV7
7/15/2019,40414LAL3
7/15/2019,P989MJBN0
7/15/2019,71654QAX0
7/15/2019,05971KAA7
7/15/2019,21684AAC0
7/15/2019,780082AD5
7/15/2019,225433AR2
7/15/2019,064159HB5
7/15/2019,P989MJAY7
7/16/2019,P8055KWL5
7/16/2019,P1910WNY1
7/16/2019,867914AH6
7/16/2019,37045XBS4
7/16/2019,05526DAV7
7/16/2019,91911TAM5
7/16/2019,71656MAF6
7/16/2019,00507VAL3
7/16/2019,67066GAD6
7/16/2019,205363AN4
7/16/2019,50540RAP7
7/16/2019,125509BS7
7/16/2019,92553PAR3
7/16/2019,369604BQ5
7/16/2019,21036PAR9
7/16/2019,U8810LAA1
7/16/2019,37045XAW6
7/16/2019,205887CC4
7/16/2019,00101JAH9
7/16/2019,71647NAY5
7/16/2019,G2585XAA7
7/16/2019,G0732RAF5
7/16/2019,P9028NAV3
7/16/2019,P3711HAF6
7/16/2019,U1109MAB2
7/16/2019,55261FAG9
7/16/2019,35906AAK4